25.990033257527188,14.470104169660797,0.9514366234727699,26.275406931580708,15.935397629640798,4.553502451424873,And
26.275406931580708,15.935397629640798,4.553502451424873,47.40547463240064,35.600155438063176,14.885502016610937,And
68.97228400038401,73.27505267319931,41.40122778473369,47.40547463240064,35.600155438063176,14.885502016610937,And
47.40547463240064,35.600155438063176,14.885502016610937,31.706819362325238,26.013558810669593,8.015938484816555,And
31.706819362325238,26.013558810669593,8.015938484816555,153.347689220575,136.895502245743,33.86569729643125,And
-88.45193274668225,-57.983377833000304,37.93220387614081,-22.810414863284812,-19.114579806562404,13.319674333570795,Ant
-17.819152890989105,-123.80526959066451,-16.02503391408697,-3.473696929928045,-48.00794740650932,-8.757670254344436,Aps
-3.473696929928045,-48.00794740650932,-8.757670254344436,-3.440530708218531,-47.18987760865522,-9.86465622378207,Aps
6.568503634382242,1.5299044705828255,-11.934150261457331,2.3616658171933183,0.7927791313116225,-4.4993582371667245,Aql
2.3616658171933183,0.7927791313116225,-4.4993582371667245,62.08478752591721,26.01397967999334,-124.17052594093074,Aql
2.3616658171933183,0.7927791313116225,-4.4993582371667245,5.59439518817428,0.835248185162507,-14.2943268569944,Aql
5.59439518817428,0.835248185162507,-14.2943268569944,169.50330906008898,6.313487685120814,-317.209168621864,Aql
47.714382942965265,-1.262056717705,-73.96420359326252,169.50330906008898,6.313487685120814,-317.209168621864,Aql
5.59439518817428,0.835248185162507,-14.2943268569944,6.976646905253116,6.115700843810844,-23.777293233814035,Aql
6.976646905253116,6.115700843810844,-23.777293233814035,11.705266807212048,12.251333410994826,-43.973747798928336,Aql
5.59439518817428,0.835248185162507,-14.2943268569944,10.903005311286806,-3.267167977317236,-36.66151692144884,Aql
148.9133588596781,-18.214233783300234,-112.6645010036684,204.26809649326165,-1.2981389578976343,-111.15821091665691,Aqr
204.26809649326165,-1.2981389578976343,-111.15821091665691,43.98013631216725,-1.1713359592002013,-20.122913240834336,Aqr
43.98013631216725,-1.1713359592002013,-20.122913240834336,29.239258752295317,-0.011105807129822742,-12.286547751625045,Aqr
29.239258752295317,-0.011105807129822742,-12.286547751625045,52.47985161520793,-0.11526946794158617,-20.314643979342808,Aqr
52.47985161520793,-0.11526946794158617,-20.314643979342808,113.89225511679275,-15.834913007525492,-34.486760795176714,Aqr
113.89225511679275,-15.834913007525492,-34.486760795176714,44.11530808032735,-7.189167646628217,-8.59753289359872,Aqr
44.11530808032735,-7.189167646628217,-8.59753289359872,46.020949315982705,-17.063820757090618,-7.500822954054592,Aqr
204.26809649326165,-1.2981389578976343,-111.15821091665691,52.352479107077386,-7.947517900536382,-25.298941951881503,Aqr
52.352479107077386,-7.947517900536382,-25.298941951881503,45.189186896517654,-12.683172030910125,-24.424336916496518,Aqr
52.352479107077386,-7.947517900536382,-25.298941951881503,73.9576785052026,-15.07626961070648,-30.389979928321527,Aqr
73.9576785052026,-15.07626961070648,-30.389979928321527,107.98168561177252,-27.391086116071243,-34.25804491893902,Aqr
107.98168561177252,-27.391086116071243,-34.25804491893902,45.16981453168932,-13.338007286569365,-13.240535851210748,Aqr
45.16981453168932,-13.338007286569365,-13.240535851210748,65.17929335948688,-25.87226432446267,-14.615280250353669,Aqr
46.37043383953372,-11.609670041167371,-51.64643538051042,148.9133588596781,-18.214233783300234,-112.6645010036684,Aqr
5.764218898956109,-238.2203336233088,-199.16009331128612,-5.867672658869556,-56.8091617292106,-47.517559549099865,Ara
-5.867672658869556,-56.8091617292106,-47.517559549099865,-26.059222759634977,-145.94022888407042,-94.9642072694643,Ara
-26.059222759634977,-145.94022888407042,-94.9642072694643,-14.903823209704502,-82.3764146204068,-47.11486158647731,Ara
-14.903823209704502,-82.3764146204068,-47.11486158647731,-3.5350126929571704,-50.053341895185326,-27.884278184940086,Ara
-3.5350126929571704,-50.053341895185326,-27.884278184940086,-29.021385186967432,-290.14135168149846,-190.73712989301995,Ara
-29.021385186967432,-290.14135168149846,-190.73712989301995,-15.77932832746824,-152.3883375973437,-103.42001237939876,Ara
-15.77932832746824,-152.3883375973437,-103.42001237939876,5.764218898956109,-238.2203336233088,-199.16009331128612,Ara
32.05050063684837,22.39810926375233,29.364539812769653,15.757536555158165,8.046750421818873,9.76736734422154,Ari
15.757536555158165,8.046750421818873,9.76736734422154,14.984444302527569,6.489630460079867,8.190079996291704,Ari
14.984444302527569,6.489630460079867,8.190079996291704,52.02890599721276,20.702824709175445,28.11122065808796,Ari
0.05155445665229676,32.11771360204185,42.29392548003543,0.03658131866398435,17.785945621705253,17.81857290064327,Aur
0.03658131866398435,17.785945621705253,17.81857290064327,1.688458502177676,9.306870630500267,8.827823612965773,Aur
1.688458502177676,9.306870630500267,8.827823612965773,45.22315411849471,158.70968183210218,176.3817507488458,Aur
45.22315411849471,158.70968183210218,176.3817507488458,35.67377935981847,85.88203436772531,126.47616936777722,Aur
5.169122201723901,19.23714358818332,34.891058430825126,35.67377935981847,85.88203436772531,126.47616936777722,Aur
5.169122201723901,19.23714358818332,34.891058430825126,0.05155445665229676,32.11771360204185,42.29392548003543,Aur
-41.00835831011359,13.133288347667628,-34.761830524771945,-8.820912124339197,3.6990074979852072,-5.931455784966474,Boo
-8.820912124339197,3.6990074979852072,-5.931455784966474,-43.053615358415726,29.269684632424678,-37.75285822930404,Boo
-43.053615358415726,29.269684632424678,-37.75285822930404,-19.67121996415415,19.65794931720012,-22.53003398333077,Boo
-19.67121996415415,19.65794931720012,-22.53003398333077,-35.81288802767256,43.460458862294765,-36.42646309186182,Boo
-35.81288802767256,43.460458862294765,-36.42646309186182,-16.144628470586817,16.189266268321912,-12.622564344814585,Boo
-16.144628470586817,16.189266268321912,-12.622564344814585,-31.033867181034314,23.06566263252225,-24.209474476503644,Boo
-31.033867181034314,23.06566263252225,-24.209474476503644,-8.820912124339197,3.6990074979852072,-5.931455784966474,Boo
-8.820912124339197,3.6990074979852072,-5.931455784966474,-9.442415655058841,3.579739629112242,-5.1634295021822885,Boo
-9.442415655058841,3.579739629112242,-5.1634295021822885,-64.29768417974093,20.484830566633736,-33.28544792396528,Boo
58.482063388864205,-153.9293428476255,142.65598715681628,5.093469014492695,-13.435860161000113,14.102020101789998,Cae
5.093469014492695,-13.435860161000113,14.102020101789998,7.353242813780721,-16.698865303016404,20.781467722360702,Cae
403.3440824571859,1138.8213888896032,521.2497812109826,23.919922654043013,92.39153299489443,40.375552599029994,Cam
23.919922654043013,92.39153299489443,40.375552599029994,242.30092478247556,1948.8544994725348,818.6523478015117,Cam
403.3440824571859,1138.8213888896032,521.2497812109826,17.631643082598224,97.36806255027173,27.771754326673772,Cam
17.631643082598224,97.36806255027173,27.771754326673772,242.30092478247556,1948.8544994725348,818.6523478015117,Cam
17.631643082598224,97.36806255027173,27.771754326673772,0.6375792164423766,20.612414971907338,3.868371639159448,Cam
18.429598996819745,-7.237718164412698,-26.801792051375056,58.86945308025302,-26.912648047141975,-83.29004174245026,Cap
58.86945308025302,-26.912648047141975,-83.29004174245026,33.60785381588256,-14.374254410585996,-31.907625351185697,Cap
33.60785381588256,-14.374254410585996,-31.907625351185697,48.857267382426926,-19.141381746739253,-40.18671881407432,Cap
48.857267382426926,-19.141381746739253,-40.18671881407432,33.43145567689709,-12.211645750814688,-23.389606519875116,Cap
33.43145567689709,-12.211645750814688,-23.389606519875116,9.49948230222252,-3.2839926874805694,-6.2258764239714335,Cap
48.857267382426926,-19.141381746739253,-40.18671881407432,88.5433663866707,-46.55115685120967,-70.01072690377238,Cap
88.5433663866707,-46.55115685120967,-70.01072690377238,33.60785381588256,-14.374254410585996,-31.907625351185697,Cap
58.86945308025302,-26.912648047141975,-83.29004174245026,8.795375694684891,-6.263095441995852,-9.932967844826589,Cap
33.60785381588256,-14.374254410585996,-31.907625351185697,117.07006329833473,-87.23167303661106,-125.73835849599887,Cap
-8.821604755405989,-31.969825822947957,7.859486042477182,-34.659995236877705,-106.68771666712362,17.33034039861408,Car
-34.659995236877705,-106.68771666712362,17.33034039861408,-54.91019850613113,-121.37158672774828,19.187029183434475,Car
-54.91019850613113,-121.37158672774828,19.187029183434475,-151.73699817245998,-284.6169044739798,52.5892795341916,Car
-151.73699817245998,-284.6169044739798,52.5892795341916,-913.6331333439233,-1558.0779436274004,208.45321586609606,Car
-913.6331333439233,-1558.0779436274004,208.45321586609606,-14.702032863488474,-25.388474391456384,4.390357470117288,Car
-14.702032863488474,-25.388474391456384,4.390357470117288,-152.57882527239974,-273.1041399285498,64.86089415055123,Car
-152.57882527239974,-273.1041399285498,64.86089415055123,-97.55453055375678,-198.0625082808125,47.01095661048425,Car
-97.55453055375678,-198.0625082808125,47.01095661048425,-82.2043062117499,-182.51204927775794,70.77523626641874,Car
-140.58474945249046,-373.99668224065,166.6289131565977,-57.28142584598432,-166.9987675833504,79.92552127364732,Car
-57.28142584598432,-166.9987675833504,79.92552127364732,-6.061526992983986,-76.26348897271795,57.78918931356235,Car
-48.98060403079612,-109.99613470185976,44.50316704402579,-82.2043062117499,-182.51204927775794,70.77523626641874,Car
-48.98060403079612,-109.99613470185976,44.50316704402579,-140.58474945249046,-373.99668224065,166.6289131565977,Car
-6.061526992983986,-76.26348897271795,57.78918931356235,-15.508857585988016,-88.78018740359794,93.27422497039855,Car
-57.28142584598432,-166.9987675833504,79.92552127364732,-168.8122768634078,-275.89280617778525,282.1080503736884,Car
52.7674666709531,121.4438282992611,28.768181027961894,14.08244336190047,26.45755475272836,5.533743645586135,Cas
14.08244336190047,26.45755475272836,5.533743645586135,89.14103701204957,163.94968038060998,22.51822500448183,Cas
89.14103701204957,163.94968038060998,22.51822500448183,38.0380244552104,58.46152854206703,6.793834645722296,Cas
38.0380244552104,58.46152854206703,6.793834645722296,8.555330335167858,14.334858583275897,0.34242712844193823,Cas
-0.5036202775891514,-1.176657658846913,-0.4213968307767671,-68.2669216127281,-139.9777587735993,-40.94761592812596,Cen
-68.2669216127281,-139.9777587735993,-40.94761592812596,-62.17087089646672,-92.56998991563586,-28.953732664414815,Cen
-62.17087089646672,-92.56998991563586,-28.953732664414815,-70.03790719796332,-86.64807768193953,-38.6393137177221,Cen
-70.03790719796332,-86.64807768193953,-38.6393137177221,-78.93757890925359,-90.2276495138707,-44.97022008463622,Cen
-78.93757890925359,-90.2276495138707,-44.97022008463622,-105.78621825931921,-109.08748269926762,-54.84420415617864,Cen
-105.78621825931921,-109.08748269926762,-54.84420415617864,-96.52787726871266,-96.8077917426192,-49.9845238009578,Cen
-96.52787726871266,-96.8077917426192,-49.9845238009578,-274.03202988605557,-244.16488049622754,-114.97370052160235,Cen
-274.03202988605557,-244.16488049622754,-114.97370052160235,-13.525926080021787,-10.743964628512384,-4.963247818232508,Cen
-96.52787726871266,-96.8077917426192,-49.9845238009578,-12.804440470990205,-11.079578372242219,-7.899599338561111,Cen
-105.78621825931921,-109.08748269926762,-54.84420415617864,-54.59784788016019,-63.49802077337056,-44.01854832950018,Cen
-54.59784788016019,-63.49802077337056,-44.01854832950018,-87.0309792701981,-110.82318275236925,-86.39657994682514,Cen
-70.03790719796332,-86.64807768193953,-38.6393137177221,-25.823342301208722,-30.157939582411146,-4.730162801516243,Cen
-25.823342301208722,-30.157939582411146,-4.730162801516243,-86.26594063077587,-104.43278960152638,-10.607482995212617,Cen
-86.26594063077587,-104.43278960152638,-10.607482995212617,-76.68571008590078,-93.82883437488987,-2.7982203652732864,Cen
-76.68571008590078,-93.82883437488987,-2.7982203652732864,-82.45904899101704,-115.30086066082426,9.117451803822833,Cen
-82.45904899101704,-115.30086066082426,9.117451803822833,-56.677333351940646,-111.95522058321778,6.011506042486936,Cen
104.29907383104623,189.28823796011474,-53.801437944007986,13.607653065140049,32.36521665071292,-4.311252315978564,Cep
13.607653065140049,32.36521665071292,-4.311252315978564,47.96441080966664,172.0793014295034,-37.25210147454686,Cep
47.96441080966664,172.0793014295034,-37.25210147454686,5.249265594221392,13.280947537397564,-4.460514596217232,Cep
5.249265594221392,13.280947537397564,-4.460514596217232,104.29907383104623,189.28823796011474,-53.801437944007986,Cep
13.607653065140049,32.36521665071292,-4.311252315978564,2.9423654519731874,13.47299217597964,-0.2658384995922919,Cep
2.9423654519731874,13.47299217597964,-0.2658384995922919,47.96441080966664,172.0793014295034,-37.25210147454686,Cep
91.71327521433645,17.06905232050005,60.129962826581945,42.60836571516457,7.939581386954397,32.1539692485424,Cet
3.1516209923156904,-1.0016527051056414,1.5386032577225,27.437685696300157,-9.071561530772748,5.282068551328679,Cet
27.437685696300157,-9.071561530772748,5.282068551328679,87.44371845325865,-13.623164305127078,7.4304867089539925,Cet
27.437685696300157,-9.071561530772748,5.282068551328679,33.91645332242077,-6.374839544538518,10.464481998837133,Cet
33.91645332242077,-6.374839544538518,10.464481998837133,32.44516551530734,-4.997577256956176,12.458460958440805,Cet
32.44516551530734,-4.997577256956176,12.458460958440805,69.07926363307494,-14.249584034454077,36.52164493650145,Cet
69.07926363307494,-14.249584034454077,36.52164493650145,127.31921772710523,-34.500415640022766,94.1684621725271,Cet
127.31921772710523,-34.500415640022766,94.1684621725271,20.29899704333209,-5.561471334461662,16.966907467939986,Cet
20.29899704333209,-5.561471334461662,16.966907467939986,98.97281476982337,-32.368629678397696,86.12873212390981,Cet
98.97281476982337,-32.368629678397696,86.12873212390981,19.624459467243437,-6.788937970006413,15.344440206164721,Cet
19.624459467243437,-6.788937970006413,15.344440206164721,3.1516209923156904,-1.0016527051056414,1.5386032577225,Cet
105.2216484679701,-6.6670259075264235,73.23070774443651,20.29899704333209,-5.561471334461662,16.966907467939986,Cet
105.2216484679701,-6.6670259075264235,73.23070774443651,152.27805156141483,1.137632617454545,127.19158657747455,Cet
152.27805156141483,1.137632617454545,127.19158657747455,18.9918867812168,1.4191006366227348,16.408123824454915,Cet
18.9918867812168,1.4191006366227348,16.408123824454915,47.11576708341109,4.812554528555016,48.062522922670844,Cet
47.11576708341109,4.812554528555016,48.062522922670844,90.95544155250784,20.13498094629854,90.72945915801773,Cet
90.95544155250784,20.13498094629854,90.72945915801773,19.12495741974441,4.5365811627211965,16.763216386241766,Cet
19.12495741974441,4.5365811627211965,16.763216386241766,42.60836571516457,7.939581386954397,32.1539692485424,Cet
42.60836571516457,7.939581386954397,32.1539692485424,88.23122089998964,11.113631521046024,71.3684732951779,Cet
88.23122089998964,11.113631521046024,71.3684732951779,18.9918867812168,1.4191006366227348,16.408123824454915,Cet
-2.5021022963077075,-18.950485507537113,3.6229061873017065,-23.351092650616277,-124.24564274967804,9.025621828566537,Cha
-23.351092650616277,-124.24564274967804,9.025621828566537,-15.34125510842874,-81.54792793366042,-1.230896559077992,Cha
-5.265760905181815,-14.861737262301038,-4.5177453564872145,-50.339872513802156,-134.380726827396,-61.82054668663911,Cir
-5.265760905181815,-14.861737262301038,-4.5177453564872145,-9.992717375065464,-25.3443616508112,-11.65005939744435,Cir
-17.70519145076857,-16.118276250716086,73.47712259275632,-32.60959073661785,-33.22797372878489,114.17763104115805,CMa
-32.60959073661785,-33.22797372878489,114.17763104115805,-218.71593189477142,-276.67640374259486,874.9913992501333,CMa
-218.71593189477142,-276.67640374259486,874.9913992501333,-0.4943985261712509,-0.7583666751249954,2.4768007927051974,CMa
-0.4943985261712509,-0.7583666751249954,2.4768007927051974,-195.5808639150797,-318.17088089444263,693.1930872589293,CMa
-195.5808639150797,-318.17088089444263,693.1930872589293,-144.70267823348186,-244.2466989902126,470.42596785886786,CMa
-144.70267823348186,-244.2466989902126,470.42596785886786,-81.1003338213938,-127.60679229521598,239.56265907071398,CMa
-81.1003338213938,-127.60679229521598,239.56265907071398,-306.7155543516426,-479.8332703186137,798.0315674533772,CMa
-29.24151294313646,-63.98725313563585,111.80822894529545,-87.70773114738002,-174.80117422526772,317.7752828427318,CMa
-87.70773114738002,-174.80117422526772,317.7752828427318,-144.70267823348186,-244.2466989902126,470.42596785886786,CMa
-87.70773114738002,-174.80117422526772,317.7752828427318,-123.11764079152687,-233.0999302118347,510.6868824090815,CMa
-123.11764079152687,-233.0999302118347,510.6868824090815,-2.9847715524717615,-6.542049555031913,18.488173007751822,CMa
-2.9847715524717615,-6.542049555031913,18.488173007751822,-17.713440364562405,-49.263392728052764,114.89822869874179,CMa
-2.9847715524717615,-6.542049555031913,18.488173007751822,-14.40557074081666,-47.21059101282587,144.96655556876365,CMa
-2.9847715524717615,-6.542049555031913,18.488173007751822,-0.4943985261712509,-0.7583666751249954,2.4768007927051974,CMa
-29.24151294313646,-63.98725313563585,111.80822894529545,-44.05694421674471,-130.1270068730615,199.38216604611318,CMa
-7.897805233793311,-51.64511652501246,88.87366664230545,-29.24151294313646,-63.98725313563585,111.80822894529545,CMa
-218.71593189477142,-276.67640374259486,874.9913992501333,-17.70519145076857,-16.118276250716086,73.47712259275632,CMa
-1.4623763023778957,0.31864684799589355,3.1609244160302836,-19.169745709125323,7.524701755783132,47.95739307343369,CMi
-53.27932608700584,43.98006006915432,59.853415693379716,-29.560359794912443,17.783829364201235,34.219770533434,Cnc
-29.560359794912443,17.783829364201235,34.219770533434,-9.249014844178596,8.290501488858814,13.201048499232535,Cnc
-29.560359794912443,17.783829364201235,34.219770533434,-26.096793772470022,12.999017951819088,29.840281962135855,Cnc
-26.096793772470022,12.999017951819088,29.840281962135855,-49.31989937080803,14.214975319454847,72.76596005322479,Cnc
-26.096793772470022,12.999017951819088,29.840281962135855,-36.58504008966941,10.935761082290533,37.07142896235859,Cnc
-5.84703198519074,-40.07339278700905,60.408539179898696,-3.309491262930918,-32.281925369354404,45.74363105840188,Col
-3.309491262930918,-32.281925369354404,45.74363105840188,2.296608117959865,-151.2093765054215,213.6803062311589,Col
2.296608117959865,-151.2093765054215,213.6803062311589,0.8434054857595907,-15.406507650288061,21.369161494734584,Col
0.8434054857595907,-15.406507650288061,21.369161494734584,0.4449151523049598,-110.68969848910706,119.46996725264239,Col
0.8434054857595907,-15.406507650288061,21.369161494734584,6.040790574133299,-46.07433300190635,67.84956069949817,Col
6.040790574133299,-46.07433300190635,67.84956069949817,8.668653795443843,-49.30185238076883,68.64898892012236,Col
-13.027353695139551,4.314430805853302,-4.107039553827991,-7.697863089417549,4.280510517451725,-2.4968078837671484,Com
-7.697863089417549,4.280510517451725,-2.4968078837671484,-45.60269154686026,24.69269606282531,-5.385085133636055,Com
9.22370572351326,-38.39617736586502,-47.693625064245225,25.37190464804851,-79.085758847431,-100.49953852506049,CrA
25.37190464804851,-79.085758847431,-100.49953852506049,6.046078554918186,-18.04686386614299,-23.077223797966546,CrA
6.046078554918186,-18.04686386614299,-23.077223797966546,4.079982656055675,-10.783492975448128,-13.682251489109353,CrA
4.079982656055675,-10.783492975448128,-13.682251489109353,9.365085522522172,-24.427180346460187,-29.94293675261704,CrA
9.365085522522172,-24.427180346460187,-29.94293675261704,36.23938659691796,-98.74306865840634,-114.88559590948937,CrA
36.23938659691796,-98.74306865840634,-114.88559590948937,11.967815047331031,-34.783257783890136,-38.93288649763336,CrA
11.967815047331031,-34.783257783890136,-38.93288649763336,11.36749235620982,-37.7668616711187,-40.22956245124624,CrA
11.36749235620982,-37.7668616711187,-40.22956245124624,16.98112489591881,-64.47677202574218,-67.75121416781496,CrA
9.22370572351326,-38.39617736586502,-47.693625064245225,7.299664214952341,-43.07621805514371,-51.36222706468157,CrA
-48.725614371769396,49.60924909184114,-65.20991609901861,-18.826124413419386,17.00766177656962,-24.059720500670515,CrB
-18.826124413419386,17.00766177656962,-24.059720500670515,-12.123135761779869,10.299002762190495,-16.486529434826075,CrB
-12.123135761779869,10.299002762190495,-16.486529434826075,-22.481941650966313,19.706450249668155,-32.939992527499214,CrB
-22.481941650966313,19.706450249668155,-32.939992527499214,-24.554930214617986,22.295594155320504,-38.393616748227146,CrB
-24.554930214617986,22.295594155320504,-38.393616748227146,-31.97810891856892,31.837511270694595,-54.065764506411675,CrB
-31.97810891856892,31.837511270694595,-54.065764506411675,-46.17035608743282,53.5788333197155,-81.14519008782428,CrB
-49.00278686847257,-16.781266514555714,13.180882403769248,-73.51238667020979,-31.641724587501717,15.740197084315442,Crt
-73.51238667020979,-31.641724587501717,15.740197084315442,-24.2052351355633,-7.80892818687752,3.7381869543221167,Crt
-24.2052351355633,-7.80892818687752,3.7381869543221167,-56.820368028498876,-15.229380116843544,10.187245434636615,Crt
-56.820368028498876,-15.229380116843544,10.187245434636615,-49.00278686847257,-16.781266514555714,13.180882403769248,Crt
-56.820368028498876,-15.229380116843544,10.187245434636615,-108.42534803423158,-21.050198940068494,16.877141256776767,Crt
-108.42534803423158,-21.050198940068494,16.877141256776767,-91.61733205733233,-15.91105226195582,9.353617767790823,Crt
-91.61733205733233,-15.91105226195582,9.353617767790823,-83.65915488160148,-25.82204777701121,1.4542905321457766,Crt
-83.65915488160148,-25.82204777701121,1.4542905321457766,-101.72403146625336,-33.81643918599675,6.773154436533022,Crt
-101.72403146625336,-33.81643918599675,6.773154436533022,-24.2052351355633,-7.80892818687752,3.7381869543221167,Crt
-14.504650969919313,-22.64057705123661,-1.9846648866660646,-44.189339929673324,-87.68830620510529,-5.151772896340693,Cru
-53.383295697175484,-93.32933142632058,-11.279302936721152,-57.77423697859032,-95.41316149459101,-3.8236751801734488,Cru
-17.31472082765006,-5.078692842563726,-2.439184147885918,-25.616154172992474,-7.660143514199465,-3.3572387488097846,Crv
-25.616154172992474,-7.660143514199465,-3.3572387488097846,-48.09045136094529,-15.237844207791898,-3.3222864505156675,Crv
-48.09045136094529,-15.237844207791898,-3.3222864505156675,-85.78387650243045,-35.77806615264719,-3.7924447024041403,Crv
-85.78387650243045,-35.77806615264719,-3.7924447024041403,-13.405498812250347,-6.178162292798201,-0.49229206113437657,Crv
-85.78387650243045,-35.77806615264719,-3.7924447024041403,-38.88031396093463,-17.01344467269032,-5.8778795075328905,Crv
-38.88031396093463,-17.01344467269032,-5.8778795075328905,-25.616154172992474,-7.660143514199465,-3.3572387488097846,Crv
-6.215343092083647,5.531104009794871,-0.9220018061909522,-25.717844360564165,20.946922868427084,-6.415835918991119,CVn
7.438334241374076,30.305363598808,-21.269750492369507,8.873058961001197,29.481600518048474,-21.4995170594829,Cyg
8.873058961001197,29.481600518048474,-21.4995170594829,16.358650171353222,37.164019624644396,-33.18153734525268,Cyg
16.358650171353222,37.164019624644396,-33.18153734525268,207.37680813581153,301.96868176331674,-290.1197283016626,Cyg
207.37680813581153,301.96868176331674,-290.1197283016626,451.1376483991042,703.5227763673237,-530.8734074487626,Cyg
207.37680813581153,301.96868176331674,-290.1197283016626,12.154125621741965,12.345356409640836,-13.712738472334378,Cyg
12.154125621741965,12.345356409640836,-13.712738472334378,29.808572983606233,23.28530973150073,-26.620043630024117,Cyg
29.808572983606233,23.28530973150073,-26.620043630024117,16.290011495224753,10.772514660656844,-10.973271381749917,Cyg
207.37680813581153,301.96868176331674,-290.1197283016626,16.99505531749019,24.562798566612138,-30.56339148225233,Cyg
16.99505531749019,24.562798566612138,-30.56339148225233,40.258010375631514,55.41966072528934,-96.33263324539068,Cyg
66.86470170377628,21.562505373927358,-84.65571682475307,18.336150773047816,7.524285922875207,-22.333158477913937,Del
18.336150773047816,7.524285922875207,-22.333158477913937,45.53450785616556,20.233322793868012,-54.44051959202715,Del
45.53450785616556,20.233322793868012,-54.44051959202715,19.869853238267464,8.64125837615955,-22.329149442157867,Del
19.869853238267464,8.64125837615955,-22.329149442157867,39.411154461620896,16.224445530061914,-45.55404405449435,Del
39.411154461620896,16.224445530061914,-45.55404405449435,18.336150773047816,7.524285922875207,-22.333158477913937,Del
1.2136268125478105,-40.55419774330662,18.240316469525773,0.31777743946251197,-24.31760610544728,12.337726106005503,Dor
0.31777743946251197,-24.31760610544728,12.337726106005503,16.891567239255853,-282.46148637915013,146.13068304922737,Dor
16.891567239255853,-282.46148637915013,146.13068304922737,1.2136268125478105,-40.55419774330662,18.240316469525773,Dor
16.891567239255853,-282.46148637915013,146.13068304922737,11.314196970614645,-44.159608479140864,28.721037744367273,Dor
11.314196970614645,-44.159608479140864,28.721037744367273,5.540174834978043,-15.884448509078537,11.362169287538405,Dor
-0.5274413475362127,28.62119117231503,-18.670086193940275,-0.4171937811361262,35.40670116732822,-28.17182258056002,Dra
-0.4171937811361262,35.40670116732822,-28.17182258056002,-8.721994593420774,87.72040329007969,-67.23131222363091,Dra
-8.721994593420774,87.72040329007969,-67.23131222363091,-2.1122966245015333,25.149456164104983,-17.369065764962762,Dra
-2.1122966245015333,25.149456164104983,-17.369065764962762,-0.5274413475362127,28.62119117231503,-18.670086193940275,Dra
-0.5274413475362127,28.62119117231503,-18.670086193940275,3.6362206824736325,28.425117363498913,-11.100000398931432,Dra
3.6362206824736325,28.425117363498913,-11.100000398931432,6.85273932613907,42.02148027407386,-13.424598808946204,Dra
6.85273932613907,42.02148027407386,-13.424598808946204,0.2192343176065902,7.694267430637815,-2.3814641663831146,Dra
0.2192343176065902,7.694267430637815,-2.3814641663831146,-9.493896255262136,94.94878877197631,-41.7766428650435,Dra
-9.493896255262136,94.94878877197631,-41.7766428650435,-5.2180140141052975,23.639975944594568,-11.718720306071008,Dra
-5.2180140141052975,23.639975944594568,-11.718720306071008,-5.378239421801865,17.853677551954373,-9.49585848127271,Dra
-5.378239421801865,17.853677551954373,-9.49585848127271,-10.113276171601958,26.84403921885874,-12.59296977549862,Dra
-10.113276171601958,26.84403921885874,-12.59296977549862,-35.06781588671902,85.3835238582897,-21.152262580273714,Dra
-35.06781588671902,85.3835238582897,-21.152262580273714,-52.18480724697058,143.27052655063164,-7.679004539237112,Dra
-52.18480724697058,143.27052655063164,-7.679004539237112,-35.883486486499194,95.86433313198638,4.500563414119633,Dra
25.608489634234743,6.198578790653951,-23.395818783719125,13.655968568713838,3.2116215781147286,-12.030903962449486,Equ
13.655968568713838,3.2116215781147286,-12.030903962449486,84.83819793808647,13.090128775305535,-69.38177165290267,Equ
84.83819793808647,13.090128775305535,-69.38177165290267,42.89216768805951,5.2237660108417225,-37.3436977271743,Equ
42.89216768805951,5.2237660108417225,-37.3436977271743,25.608489634234743,6.198578790653951,-23.395818783719125,Equ
21.725092507003975,-37.07729441842368,9.867803796796066,9.498561508552578,-13.705147347502704,5.2622787448550925,Eri
9.498561508552578,-13.705147347502704,5.2622787448550925,24.462378247388205,-37.16712865259608,16.579145092198754,Eri
24.462378247388205,-37.16712865259608,16.579145092198754,87.39715785308842,-119.88266538394467,65.25369330205397,Eri
87.39715785308842,-119.88266538394467,65.25369330205397,22.33201079575712,-27.062182536685704,18.70537350771591,Eri
22.33201079575712,-27.062182536685704,18.70537350771591,26.165490541982596,-28.583900287258516,22.08525078919439,Eri
26.165490541982596,-28.583900287258516,22.08525078919439,26.870630823846504,-31.99074203939785,26.46612917531776,Eri
26.870630823846504,-31.99074203939785,26.46612917531776,2.8471273394575016,-4.138353660929381,3.389681085125825,Eri
2.8471273394575016,-4.138353660929381,3.389681085125825,21.238906563307356,-30.174170453741475,32.89232687607177,Eri
21.238906563307356,-30.174170453741475,32.89232687607177,28.004954081353212,-38.00561467706916,43.729013043708946,Eri
28.004954081353212,-38.00561467706916,43.729013043708946,19.600604658943276,-30.447258653053307,41.04449210439594,Eri
19.600604658943276,-30.447258653053307,41.04449210439594,28.201947513810946,-46.814950740605866,63.36946479274173,Eri
28.201947513810946,-46.814950740605866,63.36946479274173,19.856333375846937,-32.55282358201443,51.42628122403718,Eri
19.856333375846937,-32.55282358201443,51.42628122403718,9.038829700407357,-7.075081701239967,13.766823506078408,Eri
9.038829700407357,-7.075081701239967,13.766823506078408,50.237699986873864,-33.4534499738742,67.76084537641233,Eri
50.237699986873864,-33.4534499738742,67.76084537641233,47.38677231373049,-29.349658085791567,56.23183818046682,Eri
47.38677231373049,-29.349658085791567,56.23183818046682,16.936479361327642,-10.587535468041821,17.29393962269806,Eri
16.936479361327642,-10.587535468041821,17.29393962269806,9.955456535346665,-4.450906523006742,8.738364958981546,Eri
9.955456535346665,-4.450906523006742,8.738364958981546,28.967105025126866,-6.315605181377655,28.077629525350748,Eri
28.967105025126866,-6.315605181377655,28.077629525350748,23.872041370772337,-5.641207978472097,27.42144995447777,Eri
23.872041370772337,-5.641207978472097,27.42144995447777,1.8999076349705575,-0.5288168683048027,2.5429043083650353,Eri
1.8999076349705575,-0.5288168683048027,2.5429043083650353,5.007814903229457,-1.5338301084702988,7.372184401720193,Eri
5.007814903229457,-1.5338301084702988,7.372184401720193,64.11098265884598,-10.517603438036009,167.71220606189777,Eri
64.11098265884598,-10.517603438036009,167.71220606189777,52.01435534206233,-9.261561652685412,154.3399638667916,Eri
52.01435534206233,-9.261561652685412,154.3399638667916,19.967352626734463,-6.603540739461305,66.23393304055007,Eri
19.967352626734463,-6.603540739461305,66.23393304055007,6.120894702813202,-2.4150227317639423,26.433860883102938,Eri
6.120894702813202,-2.4150227317639423,26.433860883102938,116.94124061676538,-81.82456918010968,518.3437502608529,Eri
116.94124061676538,-81.82456918010968,518.3437502608529,11.34830435632097,-8.279479806636274,30.425723638200317,Eri
32.35225467717389,-27.75346427351632,29.40974025589538,8.257043900611675,-6.839448463944407,9.176118282939008,For
-5.049570381521801,9.072354082575151,30.409987990511226,-92.64907215197456,125.93418378432702,322.5271058906037,Gem
-92.64907215197456,125.93418378432702,322.5271058906037,-5.728101631232802,6.750600265075701,15.711555161531663,Gem
-5.728101631232802,6.750600265075701,15.711555161531663,-9.261693243289246,8.230488855165246,26.12036319392452,Gem
-9.261693243289246,8.230488855165246,26.12036319392452,-3.356390734156227,3.9141178924596756,16.76262081217568,Gem
-5.728101631232802,6.750600265075701,15.711555161531663,-26.71078572831162,33.33621977787996,60.0477848205136,Gem
-26.71078572831162,33.33621977787996,60.0477848205136,-17.634049491566724,18.1731058397864,35.97657524399338,Gem
-26.71078572831162,33.33621977787996,60.0477848205136,-4.047310397487413,4.8571114757630705,8.178081727591197,Gem
-26.71078572831162,33.33621977787996,60.0477848205136,-12.479840079627326,18.006184244022204,31.792546328124246,Gem
-12.479840079627326,18.006184244022204,31.792546328124246,-24.409555537594674,46.59600580614463,76.09546256690984,Gem
-24.409555537594674,46.59600580614463,76.09546256690984,-5.383373817066585,8.349453874174388,12.292792581529117,Gem
-24.409555537594674,46.59600580614463,76.09546256690984,-11.414029405383214,33.6729246510131,48.67446985764499,Gem
-24.409555537594674,46.59600580614463,76.09546256690984,-47.77938424447317,117.64315085274508,246.19265514193114,Gem
-47.77938424447317,117.64315085274508,246.19265514193114,-18.2246552584311,53.235360158978516,143.4415993049427,Gem
-47.77938424447317,117.64315085274508,246.19265514193114,-6.566553947563855,27.214410318472346,65.32730490632848,Gem
-6.566553947563855,27.214410318472346,65.32730490632848,-6.416703839963284,40.98431060008832,98.7032024322181,Gem
-6.416703839963284,40.98431060008832,98.7032024322181,-0.7631948209067918,18.25149945256778,42.44680230968168,Gem
28.793926731920973,-28.095138402891443,-6.7960538225317855,60.68171324628368,-62.40238356109931,-25.36217401109545,Gru
60.68171324628368,-62.40238356109931,-25.36217401109545,18.747996677260875,-22.72651541317944,-9.944231981592948,Gru
18.747996677260875,-22.72651541317944,-9.944231981592948,33.64253761480636,-38.07919630395384,-11.80360527614996,Gru
33.64253761480636,-38.07919630395384,-11.80360527614996,39.00192618052778,-40.28044132810612,-8.582777715408444,Gru
39.00192618052778,-40.28044132810612,-8.582777715408444,28.793926731920973,-28.095138402891443,-6.7960538225317855,Gru
33.64253761480636,-38.07919630395384,-11.80360527614996,20.186685175912665,-27.459309202904375,-5.325897856457791,Gru
33.64253761480636,-38.07919630395384,-11.80360527614996,23.64424611276283,-31.025940074291487,-7.619423328797998,Gru
18.747996677260875,-22.72651541317944,-9.944231981592948,51.354647278783986,-48.23165141973463,-27.849924395978643,Gru
51.354647278783986,-48.23165141973463,-27.849924395978643,42.161565480023135,-37.76527625927369,-25.85497284296927,Gru
-9.445593032034798,109.33380642948828,-105.13566491881384,-2.6721863820518466,124.29183454898158,-163.42712681884365,Her
-2.6721863820518466,124.29183454898158,-163.42712681884365,-15.490539794637392,74.36540354929484,-96.9351316831666,Her
-15.490539794637392,74.36540354929484,-96.9351316831666,-7.966277369484169,33.03534387351747,-42.64092499758674,Her
-7.966277369484169,33.03534387351747,-42.64092499758674,-17.55154873428487,67.3961236690094,-88.33341486709584,Her
-17.55154873428487,67.3961236690094,-88.33341486709584,-8.822835047448232,21.582552230613242,-25.227807434530884,Her
-8.822835047448232,21.582552230613242,-25.227807434530884,-25.03952704322928,62.537328682363515,-63.650542281382904,Her
-25.03952704322928,62.537328682363515,-63.650542281382904,-28.217604080608186,69.73260835077215,-60.334598302055355,Her
-28.217604080608186,69.73260835077215,-60.334598302055355,-6.1696111698450125,10.69984780511583,-9.937963821670076,Her
-8.822835047448232,21.582552230613242,-25.227807434530884,-3.09605834483388,5.657065270718492,-8.657820003326982,Her
-3.09605834483388,5.657065270718492,-8.657820003326982,-16.096578683098677,16.598691630638573,-38.966829111557686,Her
-16.096578683098677,16.598691630638573,-38.966829111557686,-23.489244292488515,19.65801198336396,-51.49523372104594,Her
-3.09605834483388,5.657065270718492,-8.657820003326982,-11.026615991599572,25.6454918194131,-41.361242840535354,Her
-11.026615991599572,25.6454918194131,-41.361242840535354,-12.875782906019634,49.56141580553211,-100.29696305146312,Her
-12.875782906019634,49.56141580553211,-100.29696305146312,-4.257941590099965,10.110209223581997,-21.421783332526736,Her
-0.4389724605149351,3.9075152483313182,-7.422654878656116,-0.3529453690276827,20.25661887800519,-36.17214628506977,Her
-0.3529453690276827,20.25661887800519,-36.17214628506977,3.0718629732350218,51.24383113999973,-93.30642803231557,Her
-0.3529453690276827,20.25661887800519,-36.17214628506977,-0.4389724605149351,3.9075152483313182,-7.422654878656116,Her
-11.026615991599572,25.6454918194131,-41.361242840535354,-17.55154873428487,67.3961236690094,-88.33341486709584,Her
11.850986488251461,-24.162779729169117,23.76975361833081,21.63132136355428,-39.75701318315601,18.257191120024622,Hor
21.63132136355428,-39.75701318315601,18.257191120024622,14.81575228274772,-36.49035205669555,15.290681037527468,Hor
-93.32661663787334,8.481133221949767,108.09630195231524,-68.9231702381852,6.3012630050415686,83.04970636657198,Hya
-68.9231702381852,6.3012630050415686,83.04970636657198,-34.69403958149904,5.457755144724183,42.21588307750255,Hya
-34.69403958149904,5.457755144724183,42.21588307750255,-27.39274893741773,4.633106400803086,30.751042082928844,Hya
-27.39274893741773,4.633106400803086,30.751042082928844,-68.98199454389737,10.518521782064662,76.3217815985918,Hya
-68.98199454389737,10.518521782064662,76.3217815985918,-93.32661663787334,8.481133221949767,108.09630195231524,Hya
-68.98199454389737,10.518521782064662,76.3217815985918,-31.84056278644781,4.786640634607476,33.14660401604271,Hya
-31.84056278644781,4.786640634607476,33.14660401604271,-29.573512547475374,1.5940726917502452,26.0809943488404,Hya
-29.573512547475374,1.5940726917502452,26.0809943488404,-112.2951046295678,-2.9078264810905567,84.63407059013099,Hya
-112.2951046295678,-2.9078264810905567,84.63407059013099,-13.51161601546323,-0.8260703523304365,10.44792620187472,Hya
-13.51161601546323,-0.8260703523304365,10.44792620187472,-42.27896202051133,-8.18195470620061,33.1546556011658,Hya
-42.27896202051133,-8.18195470620061,33.1546556011658,-68.67179115737851,-21.49590347649817,43.12867370465043,Hya
-68.67179115737851,-21.49590347649817,43.12867370465043,-30.50739385060067,-7.522798662128137,15.781465820305698,Hya
-30.50739385060067,-7.522798662128137,15.781465820305698,-66.81164778780973,-22.042225453485692,29.01873265703073,Hya
-66.81164778780973,-22.042225453485692,29.01873265703073,-38.887019774052334,-11.847610728773006,12.331232085675486,Hya
-38.887019774052334,-11.847610728773006,12.331232085675486,-33.43153755001476,-20.919889357834105,3.956244605705149,Hya
-33.43153755001476,-20.919889357834105,3.956244605705149,-92.89316420936933,-62.47064727974264,2.8749182240283573,Hya
-92.89316420936933,-62.47064727974264,2.8749182240283573,-62.112104661329134,-27.76701769965053,-19.30258114256093,Hya
-62.112104661329134,-27.76701769965053,-19.30258114256093,-35.04901598831021,-15.936948603965746,-12.570226323821291,Hya
1.6387436050025213,-7.290788693877099,0.18420095410414553,9.763156051237061,-63.19134967583585,14.924951914802836,Hyi
9.763156051237061,-63.19134967583585,14.924951914802836,13.355965349517142,-43.672737186135834,11.166039287555858,Hyi
13.355965349517142,-43.672737186135834,11.166039287555858,12.302719573662914,-38.64870308462027,8.755243126110408,Hyi
12.302719573662914,-38.64870308462027,8.755243126110408,9.041969948519228,-19.226033847764896,5.155594120189201,Hyi
13.57890938658235,-23.92286561591328,-11.407722260061318,13.36354806215818,-22.813284769457496,-16.273899794020124,Ind
13.36354806215818,-22.813284769457496,-16.273899794020124,66.81568590081831,-157.5270361556496,-69.91272127676685,Ind
66.81568590081831,-157.5270361556496,-69.91272127676685,13.57890938658235,-23.92286561591328,-11.407722260061318,Ind
136.66021167562377,117.73073468588414,-66.67615147716396,283.5786006793432,287.215038154199,-116.75574423559911,Lac
283.5786006793432,287.215038154199,-116.75574423559911,221.84688092279768,264.1828853012392,-92.42502338058458,Lac
221.84688092279768,264.1828853012392,-92.42502338058458,385.8315504805851,493.5963658018077,-170.7422271528214,Lac
385.8315504805851,493.5963658018077,-170.7422271528214,29.10297104343956,41.14890531759377,-13.024391851011064,Lac
29.10297104343956,41.14890531759377,-13.024391851011064,18.572782547349348,24.14324727941198,-7.57094354010521,Lac
18.572782547349348,24.14324727941198,-7.57094354010521,221.84688092279768,264.1828853012392,-92.42502338058458,Lac
-10.722374124239115,2.790617863844677,0.5120014746834479,-51.460070938472946,14.491116262389793,10.413402947171123,Leo
-51.460070938472946,14.491116262389793,10.413402947171123,-20.539486845855706,4.9263866817360515,10.878044960146667,Leo
-20.539486845855706,4.9263866817360515,10.878044960146667,-551.7100286631571,188.50192182670224,295.4135994411874,Leo
-551.7100286631571,188.50192182670224,295.4135994411874,-32.837052955567806,13.07493211303522,15.31751386613671,Leo
-32.837052955567806,13.07493211303522,15.31751386613671,-16.238696921160663,6.2031184710463645,3.2959154321799278,Leo
-16.238696921160663,6.2031184710463645,3.2959154321799278,-10.722374124239115,2.790617863844677,0.5120014746834479,Leo
-32.837052955567806,13.07493211303522,15.31751386613671,-65.76209239090826,31.6421525481658,31.829560792173673,Leo
-65.76209239090826,31.6421525481658,31.829560792173673,-31.1485345851947,17.882638047274284,19.31931502237639,Leo
-31.1485345851947,17.882638047274284,19.31931502237639,-58.63150684414224,30.986510245526578,38.861928949308286,Leo
-16.238696921160663,6.2031184710463645,3.2959154321799278,-51.460070938472946,14.491116262389793,10.413402947171123,Leo
-1.355708115660112,-13.465407450464989,50.46337765324115,0.2287812830203469,-3.68236123244133,14.584967338204535,Lep
0.2287812830203469,-3.68236123244133,14.584967338204535,1.1833953030171789,-5.5049726974547655,20.76953034629233,Lep
1.1833953030171789,-5.5049726974547655,20.76953034629233,44.49195863187011,-120.498318952774,372.15713179687356,Lep
44.49195863187011,-120.498318952774,372.15713179687356,11.070245769453692,-15.776263230650946,53.14225942053907,Lep
44.49195863187011,-120.498318952774,372.15713179687356,1.2179611735563698,-12.26751583383041,32.140249508879556,Lep
1.2179611735563698,-12.26751583383041,32.140249508879556,0.5614424123368459,-3.4248498280308883,8.270766524858148,Lep
0.5614424123368459,-3.4248498280308883,8.270766524858148,6.302878923413053,-17.298277837662024,45.19847884497833,Lep
6.302878923413053,-17.298277837662024,45.19847884497833,15.148774483822772,-26.448927061727712,62.45161884338821,Lep
44.49195863187011,-120.498318952774,372.15713179687356,6.302878923413053,-17.298277837662024,45.19847884497833,Lep
11.070245769453692,-15.776263230650946,53.14225942053907,56.386903041243116,-75.23308321902587,316.35784109487827,Lep
11.070245769453692,-15.776263230650946,53.14225942053907,33.87747593956746,-38.413805791678556,163.70114864102007,Lep
15.148774483822772,-26.448927061727712,62.45161884338821,11.070245769453692,-15.776263230650946,53.14225942053907,Lep
33.87747593956746,-38.413805791678556,163.70114864102007,14.946132144291392,-15.201564757628232,70.76855611474949,Lep
56.386903041243116,-75.23308321902587,316.35784109487827,17.26550545446814,-21.698522651233628,97.87720479825805,Lep
-25.025369893372705,-14.37840569621174,-40.76763178487936,-26.60735940910827,-11.917342640277825,-36.462945788291385,Lib
-26.60735940910827,-11.917342640277825,-36.462945788291385,-31.599646982907636,-7.999555541694625,-36.67574027020823,Lib
-31.599646982907636,-7.999555541694625,-36.67574027020823,-16.711750975720655,-6.540482591172512,-15.431913084038225,Lib
-16.711750975720655,-6.540482591172512,-15.431913084038225,-56.21493868778873,-38.23379983551152,-58.24839065249656,Lib
-56.21493868778873,-38.23379983551152,-58.24839065249656,-26.60735940910827,-11.917342640277825,-36.462945788291385,Lib
-23.717506892045918,16.835570735909897,7.1031117190817294,-33.026370551807226,26.756033515237835,14.038446049727284,LMi
-33.026370551807226,26.756033515237835,14.038446049727284,-20.126914149667694,16.128270787314182,10.766105686982776,LMi
-20.126914149667694,16.128270787314182,10.766105686982776,-34.96245820251781,32.04024615222566,25.81826173318438,LMi
-20.126914149667694,16.128270787314182,10.766105686982776,-23.717506892045918,16.835570735909897,7.1031117190817294,LMi
-28.02301393935418,-34.91711960004209,-44.39620055388093,-19.68737676317118,-31.134342153871014,-36.74358393862296,Lup
-19.68737676317118,-31.134342153871014,-36.74358393862296,-59.22882960101205,-93.96396850706971,-102.71392849099739,Lup
-59.22882960101205,-93.96396850706971,-102.71392849099739,-28.02301393935418,-34.91711960004209,-44.39620055388093,Lup
-59.22882960101205,-93.96396850706971,-102.71392849099739,-77.35007369763235,-114.47860579024697,-105.6284128781813,Lup
-77.35007369763235,-114.47860579024697,-105.6284128781813,-75.77693810944484,-101.94098849182446,-91.41348997041908,Lup
-75.77693810944484,-101.94098849182446,-91.41348997041908,-51.39254846391517,-59.20588768831584,-62.237439419313525,Lup
-75.77693810944484,-101.94098849182446,-91.41348997041908,-83.35640749626039,-109.74402026722103,-82.29574196653108,Lup
-77.35007369763235,-114.47860579024697,-105.6284128781813,-30.129096107435824,-47.67146788399219,-42.261028681984385,Lup
-30.129096107435824,-47.67146788399219,-42.261028681984385,-14.62844315828529,-28.12096093291106,-16.287463261312137,Lup
-14.62844315828529,-28.12096093291106,-16.287463261312137,-86.54646613796207,-123.69024801782145,-73.87167589184212,Lup
-14.62844315828529,-28.12096093291106,-16.287463261312137,-47.77287768991957,-72.27057944095296,-39.341558012783736,Lup
-86.54646613796207,-123.69024801782145,-73.87167589184212,-54.365059728298256,-68.5714686636525,-40.29415330697434,Lup
-86.54646613796207,-123.69024801782145,-73.87167589184212,-83.35640749626039,-109.74402026722103,-82.29574196653108,Lup
-43.19749032948174,38.4519649276078,35.90859599138181,-22.832515775062994,22.39491937512091,19.35576851485035,Lyn
-22.832515775062994,22.39491937512091,19.35576851485035,-118.35855870630351,129.2852811448389,111.79921334793076,Lyn
-118.35855870630351,129.2852811448389,111.79921334793076,-8.68799078287052,10.948357414775463,8.639160279235442,Lyn
-8.68799078287052,10.948357414775463,8.639160279235442,-50.72181266109549,81.57320072934279,70.5638027076169,Lyn
-50.72181266109549,81.57320072934279,70.5638027076169,-18.407048201494884,57.751933052017286,46.30523505713385,Lyn
-18.407048201494884,57.751933052017286,46.30523505713385,-6.7664055429686645,44.51085437967528,26.50862548105744,Lyn
-6.7664055429686645,44.51085437967528,26.50862548105744,-2.0123819067161803,39.18031595247734,23.44555547347256,Lyn
0.9702107470724544,4.858236685156377,-5.967749975271311,7.243776146796685,28.743052129329975,-36.60699329696056,Lyr
7.243776146796685,28.743052129329975,-36.60699329696056,48.93404887538733,148.63156987785814,-220.36364103061445,Lyr
48.93404887538733,148.63156987785814,-220.36364103061445,41.64894413587028,105.07526785478576,-158.3516345007759,Lyr
41.64894413587028,105.07526785478576,-158.3516345007759,51.900393298928904,165.3996577034514,-214.10204654895267,Lyr
51.900393298928904,165.3996577034514,-214.10204654895267,7.243776146796685,28.743052129329975,-36.60699329696056,Lyr
0.8912202054124476,-29.963647338207135,7.226522634898573,15.944142853679145,-140.01873387432582,45.69914958309234,Men
32.56552464596584,-26.946855115324823,-27.828962375772193,41.21505680592509,-36.58184748713085,-40.75331005683795,Mic
41.21505680592509,-36.58184748713085,-40.75331005683795,65.51373102067718,-64.87756971784547,-71.51574146938546,Mic
-12.724582713934053,-21.599975018167253,196.03197107175117,-26.370148220298116,-25.941072474190243,208.61016969895306,Mon
-26.370148220298116,-25.941072474190243,208.61016969895306,-35.45316923052546,-0.9885674975966324,109.33380281484794,Mon
-35.45316923052546,-0.9885674975966324,109.33380281484794,-4.064218995771873,3.153774712686494,39.04817697454695,Mon
-4.064218995771873,3.153774712686494,39.04817697454695,-7.302864438788388,8.152265942391951,186.5951710573499,Mon
-35.45316923052546,-0.9885674975966324,109.33380281484794,-301.9290736564244,-29.575675304094517,480.41096201447874,Mon
-301.9290736564244,-29.575675304094517,480.41096201447874,-18.64751677115234,-7.338650241992705,39.427776544190614,Mon
-34.85496445206319,-88.53902059277807,-7.135863624150732,-15.511585819378062,-36.13868559018676,0.9752637652616885,Mus
-15.511585819378062,-36.13868559018676,0.9752637652616885,-30.1623753996549,-94.5155056292599,-4.301941996980215,Mus
-30.1623753996549,-94.5155056292599,-4.301941996980215,-32.941044344257655,-87.57502677567756,-5.39204901078435,Mus
-32.941044344257655,-87.57502677567756,-5.39204901078435,-34.85496445206319,-88.53902059277807,-7.135863624150732,Mus
-34.826587840151596,-109.45438473315538,-69.45540205226163,-10.60098036989407,-30.015042472497367,-22.693222104700496,Nor
-10.60098036989407,-30.015042472497367,-22.693222104700496,-32.58684558286693,-90.43166743209248,-76.01626949050664,Nor
-32.58684558286693,-90.43166743209248,-76.01626949050664,-21.279243903711578,-50.5901068299358,-38.080317330035804,Nor
-21.279243903711578,-50.5901068299358,-38.080317330035804,-10.60098036989407,-30.015042472497367,-22.693222104700496,Nor
-21.279243903711578,-50.5901068299358,-38.080317330035804,-34.826587840151596,-109.45438473315538,-69.45540205226163,Nor
3.8043517952992905,-20.66659518189477,-2.6275210656339216,6.11801995185891,-42.56170268909507,-2.04521897641451,Oct
6.11801995185891,-42.56170268909507,-2.04521897641451,-7.554897542162255,-84.94865217295369,-5.637865499431386,Oct
-7.554897542162255,-84.94865217295369,-5.637865499431386,3.8043517952992905,-20.66659518189477,-2.6275210656339216,Oct
-1.5255329526349972,3.113855664950905,-13.89224380045294,-1.8054706520518702,2.0015927810616674,-24.99331990011424,Oph
-5.333759396647836,-6.990532703285106,-24.248082068216203,-1.8054706520518702,2.0015927810616674,-24.99331990011424,Oph
-1.5255329526349972,3.113855664950905,-13.89224380045294,-6.976382229946647,4.287876867637223,-25.016586640021266,Oph
-6.976382229946647,4.287876867637223,-25.016586640021266,-14.100490831806312,-2.6964379895305104,-29.66905922296448,Oph
-14.100490831806312,-2.6964379895305104,-29.66905922296448,-48.82658847742781,-25.756712709468964,-129.14565691259094,Oph
-48.82658847742781,-25.756712709468964,-129.14565691259094,-5.333759396647836,-6.990532703285106,-24.248082068216203,Oph
-5.333759396647836,-6.990532703285106,-24.248082068216203,-14.859734835593418,-53.09018608638896,-118.52453510440297,Oph
21.004766603041094,-8.495712793754196,249.60027731869923,42.62509113601271,-8.632047266612682,409.2181172063823,Ori
42.62509113601271,-8.632047266612682,409.2181172063823,34.2243902831312,-1.4663317114230572,278.80229508805587,Ori
-4.654870336351538,110.47244756902148,308.6618779879592,-9.821245613518856,47.75418680982233,188.34480982545463,Ori
-9.821245613518856,47.75418680982233,188.34480982545463,-5.2363784100750586,41.78927403930292,158.432108550043,Ori
-5.2363784100750586,41.78927403930292,158.432108550043,0.19908713678860013,3.0022485757956625,8.12397232566054,Ori
-9.821245613518856,47.75418680982233,188.34480982545463,-0.4770270198069182,7.798223925498469,45.87270959604619,Ori
-0.4770270198069182,7.798223925498469,45.87270959604619,2.7380092961844293,16.896117963861105,129.93909043306024,Ori
2.7380092961844293,16.896117963861105,129.93909043306024,21.004766603041094,-8.495712793754196,249.60027731869923,Ori
21.004766603041094,-8.495712793754196,249.60027731869923,11.645677439450917,-37.160706468446485,217.7845903699444,Ori
11.645677439450917,-37.160706468446485,217.7845903699444,46.22087463320461,-33.80503564341446,229.9437459367179,Ori
46.22087463320461,-33.80503564341446,229.9437459367179,34.2243902831312,-1.4663317114230572,278.80229508805587,Ori
34.2243902831312,-1.4663317114230572,278.80229508805587,11.224148412173765,8.241211513808025,73.20302428663659,Ori
11.224148412173765,8.241211513808025,73.20302428663659,34.5129945647085,55.83056531299123,316.898532618325,Ori
34.5129945647085,55.83056531299123,316.898532618325,2.7380092961844293,16.896117963861105,129.93909043306024,Ori
11.224148412173765,8.241211513808025,73.20302428663659,2.4010269490557987,0.9726966075325442,7.596084873268218,Ori
2.4010269490557987,0.9726966075325442,7.596084873268218,113.61732730650284,37.711008380925264,367.07286869161004,Ori
113.61732730650284,37.711008380925264,367.07286869161004,56.03457490904817,8.564285618193056,187.3051024182418,Ori
56.03457490904817,8.564285618193056,187.3051024182418,77.4307991828823,8.745933738168361,281.8232993086326,Ori
2.4010269490557987,0.9726966075325442,7.596084873268218,17.492146569529734,9.187336197947278,55.9990160620029,Ori
17.492146569529734,9.187336197947278,55.9990160620029,10.202710341476108,6.517953898950199,34.94435125033311,Ori
-5.2363784100750586,41.78927403930292,158.432108550043,-0.4770270198069182,7.798223925498469,45.87270959604619,Ori
18.291572301555494,-46.97423833441589,-24.79932390713015,3.0108716158364928,-8.377921866010658,-2.3854991091393773,Pav
3.0108716158364928,-8.377921866010658,-2.3854991091393773,11.218383676957227,-38.59057250452173,-12.79670283429205,Pav
11.218383676957227,-38.59057250452173,-12.79670283429205,1.313522577730453,-5.587332572655826,-2.08790535586551,Pav
1.313522577730453,-5.587332572655826,-2.08790535586551,18.291572301555494,-46.97423833441589,-24.79932390713015,Pav
1.313522577730453,-5.587332572655826,-2.08790535586551,4.802791263511824,-31.10462954462164,-8.26945067348613,Pav
4.802791263511824,-31.10462954462164,-8.26945067348613,3.8235737486420054,-60.959656686335585,-20.12230302094506,Pav
3.8235737486420054,-60.959656686335585,-20.12230302094506,15.862447535485048,-153.68163430048716,-62.514924735562815,Pav
15.862447535485048,-153.68163430048716,-62.514924735562815,1.313522577730453,-5.587332572655826,-2.08790535586551,Pav
15.862447535485048,-153.68163430048716,-62.514924735562815,58.5490658923132,-491.3776100183729,-252.51143848232175,Pav
58.5490658923132,-491.3776100183729,-252.51143848232175,6.222332618939059,-113.24308622186511,-61.18600037316612,Pav
6.222332618939059,-113.24308622186511,-61.18600037316612,0.7049653668406175,-38.056866579757695,-18.822091710478098,Pav
0.7049653668406175,-38.056866579757695,-18.822091710478098,58.5490658923132,-491.3776100183729,-252.51143848232175,Pav
0.7049653668406175,-38.056866579757695,-18.822091710478098,-3.021900524434528,-102.87366359694987,-48.48194438728235,Pav
98.41495742482414,26.753137456656535,5.690009362255797,40.11544662610285,11.227722038831745,-9.860670819257129,Peg
52.281691210760414,28.756367144107173,-13.09049440000417,53.74033871698177,33.15819111057991,-18.76640266253043,Peg
53.74033871698177,33.15819111057991,-18.76640266253043,64.39147021094085,47.53792418221357,-33.796269166444205,Peg
52.281691210760414,28.756367144107173,-13.09049440000417,31.02483754640392,14.894723771008916,-9.78184480231488,Peg
31.02483754640392,14.894723771008916,-9.78184480231488,105.31560202070531,48.40194339996915,-34.967140908249064,Peg
105.31560202070531,48.40194339996915,-34.967140908249064,9.3594696649039,5.032547888923634,-5.028608214599198,Peg
9.3594696649039,5.032547888923634,-5.028608214599198,26.421573212438087,15.271487570840085,-17.713579079033977,Peg
40.11544662610285,11.227722038831745,-9.860670819257129,15.078448401872578,3.426757674914571,-4.994699490417927,Peg
15.078448401872578,3.426757674914571,-4.994699490417927,59.14798793322106,12.015310756479796,-21.10200988103778,Peg
59.14798793322106,12.015310756479796,-21.10200988103778,26.124389244536538,3.196949721813842,-13.570968403971019,Peg
26.124389244536538,3.196949721813842,-13.570968403971019,168.49500807057174,35.360697918746396,-113.45281548449942,Peg
25.990033257527188,14.470104169660797,0.9514366234727699,52.281691210760414,28.756367144107173,-13.09049440000417,Peg
25.990033257527188,14.470104169660797,0.9514366234727699,98.41495742482414,26.753137456656535,5.690009362255797,Peg
52.281691210760414,28.756367144107173,-13.09049440000417,40.11544662610285,11.227722038831745,-9.860670819257129,Peg
213.46167176575491,241.7101077480375,317.4214092823708,133.50850564434663,159.09523027735915,218.14795387388602,Per
133.50850564434663,159.09523027735915,218.14795387388602,222.14456985874202,317.84274377933184,380.7839286877897,Per
222.14456985874202,317.84274377933184,380.7839286877897,64.21776961500049,106.09322629468973,108.86115568428157,Per
64.21776961500049,106.09322629468973,108.86115568428157,61.21681876123309,119.8478688733505,89.84547359455772,Per
61.21681876123309,119.8478688733505,89.84547359455772,73.4991568538565,138.74510246649123,91.0254821923064,Per
73.4991568538565,138.74510246649123,91.0254821923064,32.36214148454585,63.20155818908182,33.74589863136796,Per
32.36214148454585,63.20155818908182,33.74589863136796,168.26157653143895,337.9659545979596,155.12674347513615,Per
73.4991568538565,138.74510246649123,91.0254821923064,14.645698682881934,18.65323456786247,15.728803017002322,Per
14.645698682881934,18.65323456786247,15.728803017002322,53.657631925020034,62.52791472209627,56.13721885470278,Per
53.657631925020034,62.52791472209627,56.13721885470278,22.595901601142568,24.277133313525404,20.811120033591816,Per
46.729631432589706,-70.46359130803746,14.372415440861738,39.93187051528586,-44.22807084866824,11.84449076680536,Phe
39.93187051528586,-44.22807084866824,11.84449076680536,16.901624290975317,-16.246268204626833,1.940783962256183,Phe
16.901624290975317,-16.246268204626833,1.940783962256183,46.729631432589706,-70.46359130803746,14.372415440861738,Phe
39.93187051528586,-44.22807084866824,11.84449076680536,27.262019235479986,-34.110416542461046,11.466853835445175,Phe
27.262019235479986,-34.110416542461046,11.466853835445175,59.86592934995404,-71.23119638220031,32.38525361176173,Phe
59.86592934995404,-71.23119638220031,32.38525361176173,39.93187051528586,-44.22807084866824,11.84449076680536,Phe
39.93187051528586,-44.22807084866824,11.84449076680536,48.36058884152153,-49.214025477607265,19.628766795912135,Phe
48.36058884152153,-49.214025477607265,19.628766795912135,16.901624290975317,-16.246268204626833,1.940783962256183,Phe
16.901624290975317,-16.246268204626833,1.940783962256183,17.435064327028538,-15.972440206935186,2.0081417038546245,Phe
17.435064327028538,-15.972440206935186,2.0081417038546245,29.950176445954003,-30.76740826681961,1.2302807507109497,Phe
29.950176445954003,-30.76740826681961,1.2302807507109497,16.901624290975317,-16.246268204626833,1.940783962256183,Phe
-2.9787758515638765,-26.774021042230032,13.956450450232515,1.315660275060521,-44.23104145921339,29.618373191638657,Pic
1.315660275060521,-44.23104145921339,29.618373191638657,0.6718166407474526,-14.996687759900855,12.096552137875573,Pic
6.43705108955446,-3.799763371190927,-1.7958312321251149,191.2819675579447,-103.80562141223798,-69.00208187543488,PsA
191.2819675579447,-103.80562141223798,-69.00208187543488,236.96011935990242,-147.96553267795443,-135.65765481957078,PsA
236.96011935990242,-147.96553267795443,-135.65765481957078,74.6737436071314,-53.32459809928011,-48.61597915767143,PsA
74.6737436071314,-53.32459809928011,-48.61597915767143,14.016756683589394,-10.08269222575602,-7.285674337350988,PsA
14.016756683589394,-10.08269222575602,-7.285674337350988,35.59023408876336,-24.330659816489423,-14.468915001122511,PsA
35.59023408876336,-24.330659816489423,-14.468915001122511,42.33590744120766,-28.10260660792532,-12.149982281683917,PsA
103.95528674138374,66.96570809378204,29.22937686707209,99.84693618856188,48.1508260210111,33.286729404778335,Psc
103.95528674138374,66.96570809378204,29.22937686707209,79.69521023697398,43.66944482995941,28.79668908974469,Psc
79.69521023697398,43.66944482995941,28.79668908974469,99.84693618856188,48.1508260210111,33.286729404778335,Psc
99.84693618856188,48.1508260210111,33.286729404778335,80.1201596379659,23.863346879684997,33.795985575912624,Psc
80.1201596379659,23.863346879684997,33.795985575912624,70.04679610236931,12.601057054856154,34.69276527049653,Psc
70.04679610236931,12.601057054856154,34.69276527049653,36.69610562223049,2.0562053833675105,21.62572636843767,Psc
36.69610562223049,2.0562053833675105,21.62572636843767,51.337210319275336,3.2497546447451646,27.745076827369473,Psc
51.337210319275336,3.2497546447451646,27.745076827369473,101.52464509928792,10.793499223453983,48.11616388333377,Psc
101.52464509928792,10.793499223453983,48.11616388333377,101.46628125344162,11.826129991912827,42.123341847547096,Psc
101.46628125344162,11.826129991912827,42.123341847547096,55.624812408556245,8.00892192840162,15.673217114637781,Psc
55.624812408556245,8.00892192840162,15.673217114637781,196.74613650511537,25.773472550425556,42.07912472263732,Psc
196.74613650511537,25.773472550425556,42.07912472263732,119.34693162322652,17.247029997769253,10.755229683818374,Psc
119.34693162322652,17.247029997769253,10.755229683818374,32.255652321044195,3.8825863351869137,-0.0971065628243346,Psc
32.255652321044195,3.8825863351869137,-0.0971065628243346,13.672233534251228,1.3523379250542056,-1.1993511729545088,Psc
13.672233534251228,1.3523379250542056,-1.1993511729545088,30.77370205009553,0.9595164164085845,-2.4154538284378253,Psc
30.77370205009553,0.9595164164085845,-2.4154538284378253,49.173504467236775,1.089301474485054,-7.1447698908012205,Psc
49.173504467236775,1.089301474485054,-7.1447698908012205,39.36465180414665,2.2975384838309174,-7.445459543299081,Psc
39.36465180414665,2.2975384838309174,-7.445459543299081,47.912288495356215,5.409268594551523,-6.7401430819732004,Psc
47.912288495356215,5.409268594551523,-6.7401430819732004,13.672233534251228,1.3523379250542056,-1.1993511729545088,Psc
-9.259819485996214,-7.916617292139821,14.884477800788636,-40.882880587734455,-41.45960897798862,79.3549637595537,Pup
-40.882880587734455,-41.45960897798862,79.3549637595537,-88.40054094428659,-202.40704815560147,252.63465997084674,Pup
-88.40054094428659,-202.40704815560147,252.63465997084674,-15.508857585988016,-88.78018740359794,93.27422497039855,Pup
-15.508857585988016,-88.78018740359794,93.27422497039855,-7.6842994128751405,-43.29933172424839,34.70777608620295,Pup
-7.6842994128751405,-43.29933172424839,34.70777608620295,-15.571659233014193,-38.660787811590666,37.95286109203441,Pup
-15.571659233014193,-38.660787811590666,37.95286109203441,-168.8122768634078,-275.89280617778525,282.1080503736884,Pup
-168.8122768634078,-275.89280617778525,282.1080503736884,-9.259819485996214,-7.916617292139821,14.884477800788636,Pup
-62.47955153457048,-68.80664986572194,74.39278308547088,-141.95024414648705,-141.8043407216555,163.8827412145457,Pyx
-141.95024414648705,-141.8043407216555,163.8827412145457,-38.36378673647581,-29.7503183517941,41.671551962455766,Pyx
10.282567040928873,-44.384436267713234,20.719511149122706,4.063180337284493,-15.67957422820281,8.375668415014891,Ret
4.063180337284493,-15.67957422820281,8.375668415014891,39.28620359867756,-142.76166399456966,67.19367740670677,Ret
39.28620359867756,-142.76166399456966,67.19367740670677,7.267914728549545,-27.663704147756096,10.794681808747796,Ret
7.267914728549545,-27.663704147756096,10.794681808747796,10.282567040928873,-44.384436267713234,20.719511149122706,Ret
42.914152562317554,-33.54268090332545,-5.084958420624052,173.86318469151135,-101.08388466337502,45.45469517717233,Scl
173.86318469151135,-101.08388466337502,45.45469517717233,45.47817984086529,-29.48290274806559,-8.2599114400292,Scl
45.47817984086529,-29.48290274806559,-8.2599114400292,42.914152562317554,-33.54268090332545,-5.084958420624052,Scl
-19.749386686685614,-130.0129666447649,-170.74621975749545,-8.43517387476472,-89.57697656782078,-110.17788980586626,Sco
-8.43517387476472,-89.57697656782078,-110.17788980586626,-22.747610707353537,-354.1119661181022,-419.5034778766315,Sco
-22.747610707353537,-354.1119661181022,-419.5034778766315,-6.02696452429928,-56.87827795487743,-60.70066060360066,Sco
-6.02696452429928,-56.87827795487743,-60.70066060360066,-3.3140894512929564,-15.035923198254784,-15.642885150270976,Sco
-3.3140894512929564,-15.035923198254784,-15.642885150270976,-165.25480551057302,-530.5612055021552,-557.8502455625904,Sco
-165.25480551057302,-530.5612055021552,-557.8502455625904,-58.10284556660859,-155.24236117772864,-189.6629167088903,Sco
-58.10284556660859,-155.24236117772864,-189.6629167088903,-4.971861502843866,-11.302296722888897,-15.809792071589662,Sco
-4.971861502843866,-11.302296722888897,-15.809792071589662,-41.6607219005685,-62.29199757703814,-108.36402233546595,Sco
-41.6607219005685,-62.29199757703814,-108.36402233546595,-63.85476276837114,-82.43231980135297,-153.0393241491671,Sco
-63.85476276837114,-82.43231980135297,-153.0393241491671,-56.69565541638016,-47.369909294637445,-98.53062555843472,Sco
-63.85476276837114,-82.43231980135297,-153.0393241491671,-63.781599048127134,-61.99426154915723,-109.20601183161823,Sco
-63.85476276837114,-82.43231980135297,-153.0393241491671,-73.32734878684029,-55.093736165652906,-134.2649207288867,Sco
43.06264945975854,-17.49903624682912,-206.24336207855055,88.22648384683384,-42.848195204973685,-419.72710782446796,Sct
88.22648384683384,-42.848195204973685,-419.72710782446796,116.21319441788935,-137.22991020451494,-477.4627211658199,Sct
116.21319441788935,-137.22991020451494,-477.4627211658199,10.989306757715843,-22.474688967021688,-85.79228963928934,Sct
10.989306757715843,-22.474688967021688,-85.79228963928934,8.0895486123702,-7.659029676949001,-52.24430137682461,Sct
8.0895486123702,-7.659029676949001,-52.24430137682461,43.06264945975854,-17.49903624682912,-206.24336207855055,Sct
-25.67947306519051,-2.8572827684080155,-40.162016920541554,-11.482364028048714,1.6828840200204875,-18.16591041713048,Ser
-11.482364028048714,1.6828840200204875,-18.16591041713048,-12.454455696284656,2.5126077303828915,-18.51090114103351,Ser
-12.454455696284656,2.5126077303828915,-18.51090114103351,-37.45274120875059,11.769777796241565,-50.98720710565424,Ser
-37.45274120875059,11.769777796241565,-50.98720710565424,-24.93702487395892,12.478884995716953,-37.74257887935231,Ser
-24.93702487395892,12.478884995716953,-37.74257887935231,-5.496969011968296,3.0027562076814767,-9.189306213511355,Ser
-5.496969011968296,3.0027562076814767,-9.189306213511355,-55.02007721577649,33.2659668873331,-85.32549903169573,Ser
-55.02007721577649,33.2659668873331,-85.32549903169573,-24.93702487395892,12.478884995716953,-37.74257887935231,Ser
9.793656563208717,2.9639965223215134,-39.12067305354103,1.756353035010449,-0.9570682401905386,-18.829871330576783,Ser
1.756353035010449,-0.9570682401905386,-18.829871330576783,-4.06830201628578,-11.480047039020409,-50.05947314126612,Ser
-4.06830201628578,-11.480047039020409,-50.05947314126612,-3.0434531403663168,-8.584847567546461,-31.021539014259226,Ser
-3.0434531403663168,-8.584847567546461,-31.021539014259226,-9.83597268858931,-13.187801583697881,-56.98461742606404,Ser
-97.70705741517986,-1.1751618432592932,40.32595985578506,-77.77995755203541,-0.5714611692323446,41.38321813274755,Sex
58.235093207474094,42.96256625204552,-123.40781705274004,58.81667313291078,43.663686129868246,-116.20058355424943,Sge
58.81667313291078,43.663686129868246,-116.20058355424943,58.38381296765691,44.88365014605808,-125.06715328295587,Sge
58.81667313291078,43.663686129868246,-116.20058355424943,39.235894769387045,28.040064402482276,-68.81822097844052,Sge
39.235894769387045,28.040064402482276,-68.81822097844052,24.197773243012705,16.949455418206476,-39.81481545163471,Sge
7.437292263891573,-46.61654774983729,-80.96391831831194,2.605608329762012,-10.17227708222313,-21.243077555183966,Sgr
2.814943738679072,-27.36544804435639,-36.52341613769709,3.852839033685326,-25.043951114807832,-36.39388429062418,Sgr
3.852839033685326,-25.043951114807832,-36.39388429062418,0.6438756443786414,-14.920145614037333,-25.398578845014935,Sgr
0.6438756443786414,-14.920145614037333,-25.398578845014935,-15.833637262450141,-154.07970676747397,-291.42841858838347,Sgr
0.6438756443786414,-14.920145614037333,-25.398578845014935,7.437292263891573,-46.61654774983729,-80.96391831831194,Sgr
7.437292263891573,-46.61654774983729,-80.96391831831194,3.852839033685326,-25.043951114807832,-36.39388429062418,Sgr
3.852839033685326,-25.043951114807832,-36.39388429062418,6.390189928013012,-13.607944138659859,-22.805598999888453,Sgr
6.390189928013012,-13.607944138659859,-22.805598999888453,12.471103592017595,-32.09668347480663,-61.772040125553566,Sgr
12.471103592017595,-32.09668347480663,-61.772040125553566,7.437292263891573,-46.61654774983729,-80.96391831831194,Sgr
12.471103592017595,-32.09668347480663,-61.772040125553566,2.605608329762012,-10.17227708222313,-21.243077555183966,Sgr
2.605608329762012,-10.17227708222313,-21.243077555183966,509.1809169192924,-3266.60313284377,-8468.451267233817,Sgr
6.390189928013012,-13.607944138659859,-22.805598999888453,9.413741634674235,-17.141953430216795,-31.307787984103722,Sgr
9.413741634674235,-17.141953430216795,-31.307787984103722,14.724639878054104,-30.468906600206363,-59.874369541069505,Sgr
14.724639878054104,-30.468906600206363,-59.874369541069505,12.471103592017595,-32.09668347480663,-61.772040125553566,Sgr
14.724639878054104,-30.468906600206363,-59.874369541069505,26.543029733395862,-41.10783908836884,-103.13600002544099,Sgr
26.543029733395862,-41.10783908836884,-103.13600002544099,11.012635456603363,-15.769147854993053,-37.97857304760614,Sgr
11.012635456603363,-15.769147854993053,-37.97857304760614,51.60733047961147,-53.331771144634374,-146.47604575033407,Sgr
51.60733047961147,-53.331771144634374,-146.47604575033407,12.395728185511931,-11.440105165614781,-33.29867553610458,Sgr
9.413741634674235,-17.141953430216795,-31.307787984103722,32.908875305838535,-37.23674077694004,-73.89068954991956,Sgr
32.908875305838535,-37.23674077694004,-73.89068954991956,62.02165174331736,-63.872899788700245,-104.6043093320382,Sgr
62.02165174331736,-63.872899788700245,-104.6043093320382,77.15428231732903,-109.37863487072057,-133.99102668862065,Sgr
77.15428231732903,-109.37863487072057,-133.99102668862065,20.819415098577007,-38.71358025921899,-37.846386393707974,Sgr
20.819415098577007,-38.71358025921899,-37.846386393707974,14.150094734777339,-33.90528824257682,-36.917202755568034,Sgr
20.819415098577007,-38.71358025921899,-37.846386393707974,10.715400007347323,-29.95875209075278,-28.201936871604914,Sgr
5.169122201723901,19.23714358818332,34.891058430825126,37.646241764646604,47.91643646616549,106.67205951734492,Tau
37.646241764646604,47.91643646616549,106.67205951734492,17.42891984639474,15.615283471974314,41.368534102366944,Tau
6.865747863995049,5.673361895470665,17.867242365872215,11.615469662961214,46.124073525108734,118.70231112547822,Tau
19.262455283455548,12.72486732628994,41.210886965518625,18.406236338087,14.157564743494476,40.82882697860509,Tau
19.262455283455548,12.72486732628994,41.210886965518625,55.12531509560445,24.548878209751432,96.13780250270848,Tau
55.12531509560445,24.548878209751432,96.13780250270848,40.129221057956755,10.177398188684398,49.91691125368076,Tau
6.865747863995049,5.673361895470665,17.867242365872215,17.42891984639474,15.615283471974314,41.368534102366944,Tau
6.865747863995049,5.673361895470665,17.867242365872215,17.052549112737605,12.492988098742595,40.49776135612431,Tau
17.052549112737605,12.492988098742595,40.49776135612431,19.262455283455548,12.72486732628994,41.210886965518625,Tau
17.42891984639474,15.615283471974314,41.368534102366944,17.294031770077705,13.960155918023784,39.53209707136359,Tau
17.294031770077705,13.960155918023784,39.53209707136359,18.406236338087,14.157564743494476,40.82882697860509,Tau
18.406236338087,14.157564743494476,40.82882697860509,57.57939132538562,47.56007866704244,89.65657753027581,Tau
3.2106397181410813,-29.512144461092273,-25.389053313542743,6.23977570100903,-54.966032963622325,-52.77120780011653,Tel
-13.963732935479031,-118.94944799223725,-43.40370770347629,-13.16684654174699,-52.1882908368576,-15.541131160789664,TrA
-13.16684654174699,-52.1882908368576,-15.541131160789664,-2.8532689520264083,-11.009190135145715,-4.70883986680316,TrA
-2.8532689520264083,-11.009190135145715,-4.70883986680316,-13.963732935479031,-118.94944799223725,-43.40370770347629,TrA
62.22575430752911,49.40546658800211,41.94741279551339,26.366255418283163,21.85198809905286,16.723178560079177,Tri
26.366255418283163,21.85198809905286,16.723178560079177,15.056805889278818,9.703738488526835,8.097229062834677,Tri
15.056805889278818,9.703738488526835,8.097229062834677,62.22575430752911,49.40546658800211,41.94741279551339,Tri
27.296922277745697,-52.8794783108413,-12.946505349372257,11.395763320041999,-18.727377891654807,-2.1413990490279198,Tuc
11.395763320041999,-18.727377891654807,-2.1413990490279198,3.634063857162703,-7.779713519179108,0.3184491451100285,Tuc
11.395763320041999,-18.727377891654807,-2.1413990490279198,19.286638408902373,-38.14450410175031,2.6713258021744006,Tuc
-17.951738779874002,23.411105876927877,-9.101768061768766,-12.85749694942949,19.611902651242833,-4.930617698516631,UMa
-12.85749694942949,19.611902651242833,-4.930617698516631,-13.505997463456652,20.561921749123435,-3.244199494791477,UMa
-13.505997463456652,20.561921749123435,-3.244199494791477,-13.556302225753145,20.948322089582906,-0.913726659039103,UMa
-13.556302225753145,20.948322089582906,-0.913726659039103,-17.403656332406506,33.392721042081746,4.360953452269545,UMa
-17.403656332406506,33.392721042081746,4.360953452269545,-13.048847797968865,20.276373950473786,3.384391717353563,UMa
-13.048847797968865,20.276373950473786,3.384391717353563,-15.18011392592283,20.668731898831197,0.40883815350263425,UMa
-15.18011392592283,20.668731898831197,0.40883815350263425,-13.556302225753145,20.948322089582906,-0.913726659039103,UMa
-15.18011392592283,20.668731898831197,0.40883815350263425,-40.30911343479304,44.50494595428756,2.4561894893355887,UMa
-40.30911343479304,44.50494595428756,2.4561894893355887,-31.343267978189626,31.557463106864603,6.996814542514073,UMa
-31.343267978189626,31.557463106864603,6.996814542514073,-27.185097993796134,28.055452484351555,13.098094260701231,UMa
-31.343267978189626,31.557463106864603,6.996814542514073,-52.01931690177056,50.542535701051214,23.61615426809349,UMa
-13.048847797968865,20.276373950473786,3.384391717353563,-66.64576371980323,108.3903586056247,41.60204618595077,UMa
-66.64576371980323,108.3903586056247,41.60204618595077,-6.6976125466489265,10.580510459288615,5.0071694340241,UMa
-6.6976125466489265,10.580510459288615,5.0071694340241,-63.34328710337512,95.09931257373387,61.369993562095175,UMa
-6.6976125466489265,10.580510459288615,5.0071694340241,-6.895990579846377,10.884648757798464,6.943455400548701,UMa
-66.64576371980323,108.3903586056247,41.60204618595077,-15.346772769253342,30.247570177366637,9.683573555173227,UMa
-15.346772769253342,30.247570177366637,9.683573555173227,-16.790456755582245,49.11186112103219,21.82901255272346,UMa
-16.790456755582245,49.11186112103219,21.82901255272346,-8.362055346606097,20.63647338165386,6.328408918298698,UMa
-8.362055346606097,20.63647338165386,6.328408918298698,-17.403656332406506,33.392721042081746,4.360953452269545,UMa
1.3396481090837509,132.2642231564062,1.0446215486735604,-0.40342975385901414,55.923005547439175,-3.311344297714325,UMi
-0.40342975385901414,55.923005547439175,-3.311344297714325,-4.673064845083595,105.24530738523592,-13.96011560551666,UMi
-4.673064845083595,105.24530738523592,-13.96011560551666,-13.615166538879908,112.60317977023026,-20.196286835956503,UMi
-13.615166538879908,112.60317977023026,-20.196286835956503,-3.1746325485906257,28.915606057644258,-6.619175075410246,UMi
-3.1746325485906257,28.915606057644258,-6.619175075410246,-29.40236388106777,139.9347689310007,-35.267639026673606,UMi
-29.40236388106777,139.9347689310007,-35.267639026673606,-7.783157600566975,37.301516730046735,-7.176219887991057,UMi
-7.783157600566975,37.301516730046735,-7.176219887991057,-13.615166538879908,112.60317977023026,-20.196286835956503,UMi
-93.5453871288181,-189.522625348401,147.49982235827773,-58.89667677592764,-121.06452152333046,70.008062692689,Vel
-58.89667677592764,-121.06452152333046,70.008062692689,-9.299874429977827,-19.956576855050752,10.632210392713834,Vel
-9.299874429977827,-19.956576855050752,10.632210392713834,-73.16508617996939,-135.41472704089432,60.25163964010078,Vel
-73.16508617996939,-135.41472704089432,60.25163964010078,-294.70637781726737,-482.13141182752656,175.57120848475634,Vel
-294.70637781726737,-482.13141182752656,175.57120848475634,-21.915559892995606,-26.951733330286093,7.251198854180041,Vel
-21.915559892995606,-26.951733330286093,7.251198854180041,-16.528747346722717,-19.776555939281092,6.2371001492762055,Vel
-16.528747346722717,-19.776555939281092,6.2371001492762055,-20.959984521637484,-21.144775564384524,10.366137609633071,Vel
-20.959984521637484,-21.144775564384524,10.366137609633071,-11.226272314222054,-12.04320813092421,8.559725543790675,Vel
-11.226272314222054,-12.04320813092421,8.559725543790675,-93.33722963778317,-120.82620545328527,87.04120337802367,Vel
-93.33722963778317,-120.82620545328527,87.04120337802367,-93.5453871288181,-189.522625348401,147.49982235827773,Vel
-95.16529245389661,10.913647307178419,5.879115968117175,-99.65890688762666,-1.373783629385353,-8.137259766223204,Vir
-99.65890688762666,-1.373783629385353,-8.137259766223204,-11.631422727447843,-0.2992575212473437,-2.138265016782484,Vir
-11.631422727447843,-0.2992575212473437,-2.138265016782484,-73.47908027056786,-15.560352485732807,-28.64586199351872,Vir
-73.47908027056786,-15.560352485732807,-28.64586199351872,-56.41689988452958,-12.224570218370259,-36.95183410970562,Vir
-56.41689988452958,-12.224570218370259,-36.95183410970562,-17.639301327545553,-2.2362053817225434,-11.899510642978322,Vir
-17.639301327545553,-2.2362053817225434,-11.899510642978322,-14.077449577470762,-1.841247548552639,-12.136262474369186,Vir
-73.47908027056786,-15.560352485732807,-28.64586199351872,-20.556577162070706,-0.23346568727270228,-9.012573511730395,Vir
-20.556577162070706,-0.23346568727270228,-9.012573511730395,-57.70400787966104,1.8042035095453728,-33.870441407628526,Vir
-57.70400787966104,1.8042035095453728,-33.870441407628526,-29.49998219942387,1.3030373168468,-26.156771296023358,Vir
-20.556577162070706,-0.23346568727270228,-9.012573511730395,-60.1490898180825,3.6787421048170903,-14.887638262661614,Vir
-60.1490898180825,3.6787421048170903,-14.887638262661614,-29.65050960600218,5.959506403551613,-8.24780631814275,Vir
-60.1490898180825,3.6787421048170903,-14.887638262661614,-11.631422727447843,-0.2992575212473437,-2.138265016782484,Vir
-5.2743988896660845,-39.173741567471346,11.080403192776759,-4.284954456732224,-40.94860109725976,13.853775793768516,Vol
-4.284954456732224,-40.94860109725976,13.853775793768516,-38.01459306411207,-183.30017803565426,60.877031353560696,Vol
-38.01459306411207,-183.30017803565426,60.877031353560696,-5.2743988896660845,-39.173741567471346,11.080403192776759,Vol
-38.01459306411207,-183.30017803565426,60.877031353560696,-24.994066611652602,-187.63230448828105,71.74242562387074,Vol
-38.01459306411207,-183.30017803565426,60.877031353560696,-7.953261751638119,-30.271830763974584,10.774008881535538,Vol
-7.953261751638119,-30.271830763974584,10.774008881535538,-10.90483824210878,-34.92125325130481,10.674459428339263,Vol
-10.90483824210878,-34.92125325130481,10.674459428339263,-38.01459306411207,-183.30017803565426,60.877031353560696,Vol
31.184124369643317,37.9376940000092,-76.50323242306587,30.41262635186984,31.742983472918848,-52.09705496924038,Vul
